SNP	CHR	BP	A1	BETA	SE	STAT	P	logABF	ABF	PIP	CUM_PIP
rs2910686	5	96252589	C	16.32	0.3924020197162779	41.59	9.386e-140	827.9123139862237	1.0142320547350045e+304	1.0	1.0
