SNP	CHR	BP	A1	BETA	SE	STAT	P	logABF	ABF	PIP	CUM_PIP
rs27039	5	96114550	G	4.272	0.45866437620785916	9.314	1.26e-18	38.0529852670517	3.3589343943886756e+16	0.9996666963618837	0.9996666963618837
