SNP	CHR	BP	A1	BETA	SE	STAT	P	logABF	ABF	PIP	CUM_PIP
rs30379	5	96122260	T	6.678	0.43761467889908257	15.26	6.856999999999999e-41	104.99192535362806	3.9574353196352436e+45	0.08333333333331783	0.08333333333331783
rs30187	5	96124330	T	6.678	0.43761467889908257	15.26	6.856999999999999e-41	104.99192535362806	3.9574353196352436e+45	0.08333333333331783	0.16666666666663565
rs246454	5	96123264	C	6.678	0.43761467889908257	15.26	6.856999999999999e-41	104.99192535362806	3.9574353196352436e+45	0.08333333333331783	0.24999999999995348
rs246453	5	96123336	T	6.678	0.43761467889908257	15.26	6.856999999999999e-41	104.99192535362806	3.9574353196352436e+45	0.08333333333331783	0.3333333333332713
rs246455	5	96123210	C	6.678	0.43761467889908257	15.26	6.856999999999999e-41	104.99192535362806	3.9574353196352436e+45	0.08333333333331783	0.41666666666658914
rs27710	5	96126197	A	6.678	0.43761467889908257	15.26	6.856999999999999e-41	104.99192535362806	3.9574353196352436e+45	0.08333333333331783	0.49999999999990696
rs26510	5	96125910	C	6.678	0.43761467889908257	15.26	6.856999999999999e-41	104.99192535362806	3.9574353196352436e+45	0.08333333333331783	0.5833333333332248
rs151964	5	96123666	G	6.678	0.43761467889908257	15.26	6.856999999999999e-41	104.99192535362806	3.9574353196352436e+45	0.08333333333331783	0.6666666666665426
rs27529	5	96126308	A	6.678	0.43761467889908257	15.26	6.856999999999999e-41	104.99192535362806	3.9574353196352436e+45	0.08333333333331783	0.7499999999998604
rs469758	5	96121715	C	6.678	0.43761467889908257	15.26	6.856999999999999e-41	104.99192535362806	3.9574353196352436e+45	0.08333333333331783	0.8333333333331783
rs30378	5	96121994	A	6.678	0.43761467889908257	15.26	6.856999999999999e-41	104.99192535362806	3.9574353196352436e+45	0.08333333333331783	0.9166666666664961
rs30380	5	96122281	A	6.678	0.43761467889908257	15.26	6.856999999999999e-41	104.99192535362806	3.9574353196352436e+45	0.08333333333331783	0.9999999999998139
