outcome_gene	outcome_lead	window_center	cond_gene	cond_type	cond_item	beta_base	p_base	beta_cond	p_cond	delta_beta_pct	delta_log10p_pct
ERAP1	rs30379	rs2910686	ERAP1	SNP	ERAP1_sig123.list	8.742	2.343e-47	nan	nan	nan	nan
ERAP1	rs30379	rs2910686	ERAP2	SNP	ERAP2_lead.list	8.742	2.343e-47	8.854	6.763e-42	1.2811713566689353	-11.709930160802303
ERAP1	rs30379	rs2910686	ERAP2	expression	ERAP2	8.742	2.343e-47	8.865	1.906e-43	1.4070006863417905	-8.385870710104001
ERAP2	rs2910686	rs2910686	ERAP2	SNP	ERAP2_lead.list	16.32	9.386e-140	nan	nan	nan	nan
ERAP2	rs2910686	rs2910686	ERAP1	SNP	ERAP1_sig123.list	16.32	9.386e-140	16.48	9.274e-128	0.980392156862746	-8.62763472233745
ERAP2	rs2910686	rs2910686	ERAP1	expression	ERAP1	16.32	9.386e-140	16.39	1.252e-135	0.42892156862745273	-2.967127512102257
ERAP2	rs2910686	rs2910686	ERAP2	SNP	ERAP2_lead.list	16.32	9.386e-140	nan	nan	nan	nan
ERAP2	rs2910686	rs2910686	LNPEP	SNP	LNPEP_lead.list	16.32	9.386e-140	16.18	1.088e-54	-0.8578431372549055	-61.18511549506762
ERAP2	rs2910686	rs2910686	LNPEP	expression	LNPEP	16.32	9.386e-140	16.59	3.605e-141	1.6544117647058796	1.0181978980995
LNPEP	rs248215	rs2910686	LNPEP	SNP	LNPEP_lead.list	-0.6865	9.556e-07	nan	nan	nan	nan
LNPEP	rs248215	rs2910686	ERAP2	SNP	ERAP2_lead.list	-0.6865	9.556e-07	-1.034	0.000749	50.6190823015295	-48.07871165604992
LNPEP	rs248215	rs2910686	ERAP2	expression	ERAP2	-0.6865	9.556e-07	-1.346	1.606e-08	96.06700655498909	29.478604695546778
ERAP1	rs30379	rs1065407	ERAP1	SNP	ERAP1_sig123.list	8.742	2.343e-47	nan	nan	nan	nan
ERAP1	rs30379	rs1065407	CSF2	SNP	CSF2_lead.list	8.742	2.343e-47	8.924	1.833e-47	2.0819034545870347	0.2286281428745372
ERAP1	rs30379	rs1065407	CSF2	expression	CSF2	8.742	2.343e-47	8.754	2.658e-47	0.13726835964308712	-0.11748320927962158
CSF2	rs34703	rs1065407	CSF2	SNP	CSF2_lead.list	0.4641	6.103e-08	nan	nan	nan	nan
CSF2	rs34703	rs1065407	ERAP1	SNP	ERAP1_sig123.list	0.4641	6.103e-08	0.454	8.174e-07	-2.1762551174315874	-15.619904882735447
CSF2	rs34703	rs1065407	ERAP1	expression	ERAP1	0.4641	6.103e-08	0.466	6.027e-08	0.4093945270415886	0.07543435032956004
