SNP	CHR	BP	A1	BETA	SE	STAT	P	logABF	ABF	PIP	CUM_PIP
rs27039	5	96114550	G	4.272	0.45866437620785916	9.314	1.26e-18	39.499844618781786	1.4274619937966394e+17	0.9996872010288836	0.9996872010288836
