SNP	CHR	BP	A1	BETA	SE	STAT	P	logABF	ABF	PIP	CUM_PIP
rs1065407	5	96112083	G	-2.915	0.4832559681697613	-6.032	4.032e-09	15.674756331901246	6418893.648368499	0.33674234923938307	0.33674234923938307
rs13160562	5	96111371	A	-3.427	0.577714093054619	-5.932	7.058e-09	14.851621299900609	2818234.829383697	0.14784775525859223	0.4845901044979753
rs7063	5	96110211	T	-3.427	0.577714093054619	-5.932	7.058e-09	14.851621299900609	2818234.829383697	0.14784775525859223	0.6324378597565675
rs1057569	5	96109610	A	-3.427	0.577714093054619	-5.932	7.058e-09	14.851621299900609	2818234.829383697	0.14784775525859223	0.7802856150151598
rs13167972	5	96096828	G	-2.676	0.4616977225672878	-5.796	1.484e-08	14.408202157711859	1808850.5707139904	0.0948943266508315	0.8751799416659913
rs754615	5	96086334	C	-2.535	0.4521134296415195	-5.607	4.113e-08	13.406789489304602	664499.5562265583	0.03486039088513852	0.9100403325511298
rs26345	5	96083338	T	4.607	0.8350552836686604	5.517	6.609e-08	11.81011896580244	134607.57410255622	0.00706166408291096	0.9171019966340408
rs26508	5	96082494	C	4.607	0.8350552836686604	5.517	6.609e-08	11.81011896580244	134607.57410255622	0.00706166408291096	0.9241636607169518
rs27851	5	96082401	C	4.607	0.8350552836686604	5.517	6.609e-08	11.81011896580244	134607.57410255622	0.00706166408291096	0.9312253247998628
rs27962	5	96089639	G	4.607	0.8350552836686604	5.517	6.609e-08	11.81011896580244	134607.57410255622	0.00706166408291096	0.9382869888827737
rs27944	5	96082631	T	4.607	0.8350552836686604	5.517	6.609e-08	11.81011896580244	134607.57410255622	0.00706166408291096	0.9453486529656847
rs2042379	5	96187195	G	-2.319	0.4451910155500096	-5.209	3.207e-07	11.378760201977412	87444.55391744518	0.0045874392266702846	0.949936092192355
rs2042380	5	96187266	G	-2.319	0.4451910155500096	-5.209	3.207e-07	11.378760201977412	87444.55391744518	0.0045874392266702846	0.9545235314190252
