SNP	CHR	BP	A1	BETA	SE	STAT	P	logABF	ABF	PIP	CUM_PIP
rs2910686	5	96252589	C	16.32	0.3924020197162779	41.59	9.386e-140	624.4530153087002	1.5721672906190718e+271	1.0	1.0
