SNP	CHR	BP	A1	BETA	SE	STAT	P	logABF	ABF	PIP	CUM_PIP
rs27039	5	96114550	G	4.272	0.45866437620785916	9.314	1.26e-18	21.863256621769015	3126739551.5937543	0.9959864058891579	0.9959864058891579
