SNP	CHR	BP	A1	BETA	SE	STAT	P	logABF	ABF	PIP	CUM_PIP
rs1065407	5	96112083	G	-2.915	0.4832559681697613	-6.032	4.032e-09	15.154417668035677	3814871.9911006186	0.36994162279783877	0.36994162279783877
rs7063	5	96110211	T	-3.427	0.577714093054619	-5.932	7.058e-09	14.096215381091465	1324062.713556005	0.12839904198140606	0.4983406647792448
rs1057569	5	96109610	A	-3.427	0.577714093054619	-5.932	7.058e-09	14.096215381091465	1324062.713556005	0.12839904198140606	0.6267397067606508
rs13160562	5	96111371	A	-3.427	0.577714093054619	-5.932	7.058e-09	14.096215381091465	1324062.713556005	0.12839904198140606	0.7551387487420569
rs13167972	5	96096828	G	-2.676	0.4616977225672878	-5.796	1.484e-08	14.00338376340459	1206680.505126052	0.11701607427620592	0.8721548230182627
rs754615	5	96086334	C	-2.535	0.4521134296415195	-5.607	4.113e-08	13.067809159112548	473453.5838884562	0.04591246771890138	0.9180672907371641
rs2042379	5	96187195	G	-2.319	0.4451910155500096	-5.209	3.207e-07	11.136928119881645	68660.41559130936	0.006658243218927729	0.9247255339560918
rs2042380	5	96187266	G	-2.319	0.4451910155500096	-5.209	3.207e-07	11.136928119881645	68660.41559130936	0.006658243218927729	0.9313837771750195
rs731827	5	96087015	A	-3.09	0.5910482019892884	-5.228	2.911e-07	10.673817780236389	43209.59172405166	0.004190186858200696	0.9355739640332202
rs27851	5	96082401	C	4.607	0.8350552836686604	5.517	6.609e-08	10.593918205301	39891.48634510846	0.0038684184498860726	0.9394423824831063
rs27962	5	96089639	G	4.607	0.8350552836686604	5.517	6.609e-08	10.593918205301	39891.48634510846	0.0038684184498860726	0.9433108009329924
rs26508	5	96082494	C	4.607	0.8350552836686604	5.517	6.609e-08	10.593918205301	39891.48634510846	0.0038684184498860726	0.9471792193828784
rs27944	5	96082631	T	4.607	0.8350552836686604	5.517	6.609e-08	10.593918205301	39891.48634510846	0.0038684184498860726	0.9510476378327645
