gene	sd
ERAP2	12.671761992814922
ERAP1	9.40229271799914
LNPEP	2.0260702640941224
