prior_mult	label	lead_snp	prior_sd	lead_pip	top_snp	top_pip	credible_n
0.05	ERAP2	rs2910686	0.6335880996407461	1.0	rs2910686	1.0	1
0.05	LNPEP	rs248215	0.10130351320470612	0.0073062904907392695	rs248215	0.0073062904907392695	2094
0.05	ERAP1_sig1	rs30379	0.47011463589995706	0.08333333326546928	rs30378	0.08333333326546928	12
0.05	ERAP1_sig2	rs27039	0.47011463589995706	0.9959864058891579	rs27039	0.9959864058891579	1
0.05	ERAP1_sig3	rs1065407	0.47011463589995706	0.20832855729523483	rs1065407	0.20832855729523483	1012
0.10	ERAP2	rs2910686	1.2671761992814923	1.0	rs2910686	1.0	1
0.10	LNPEP	rs248215	0.20260702640941225	0.016020902007941817	rs248215	0.016020902007941817	121
0.10	ERAP1_sig1	rs30379	0.9402292717999141	0.08333333333329296	rs30187	0.08333333333329296	12
0.10	ERAP1_sig2	rs27039	0.9402292717999141	0.999537671868479	rs27039	0.999537671868479	1
0.10	ERAP1_sig3	rs1065407	0.9402292717999141	0.39367878712901067	rs1065407	0.39367878712901067	15
0.15	ERAP2	rs2910686	1.9007642989222382	1.0	rs2910686	1.0	1
0.15	LNPEP	rs248215	0.30391053961411835	0.019015188583819276	rs248215	0.019015188583819276	109
0.15	ERAP1_sig1	rs30379	1.410343907699871	0.08333333333331783	rs30379	0.08333333333331783	12
0.15	ERAP1_sig2	rs27039	1.410343907699871	0.9996666963618837	rs27039	0.9996666963618837	1
0.15	ERAP1_sig3	rs1065407	1.410343907699871	0.36994162279783877	rs1065407	0.36994162279783877	13
0.20	ERAP2	rs2910686	2.5343523985629846	1.0	rs2910686	1.0	1
0.20	LNPEP	rs248215	0.4052140528188245	0.02042131735652776	rs248215	0.02042131735652776	106
0.20	ERAP1_sig1	rs30379	1.8804585435998282	0.08333333333332138	rs30187	0.08333333333332138	12
0.20	ERAP1_sig2	rs27039	1.8804585435998282	0.9996872010288836	rs27039	0.9996872010288836	1
0.20	ERAP1_sig3	rs1065407	1.8804585435998282	0.33674234923938307	rs1065407	0.33674234923938307	13
0.30	ERAP2	rs2910686	3.8015285978444764	1.0	rs2910686	1.0	1
0.30	LNPEP	rs248215	0.6078210792282367	0.021602526590950244	rs248215	0.021602526590950244	105
0.30	ERAP1_sig1	rs30379	2.820687815399742	0.08333333333332138	rs27529	0.08333333333332138	12
0.30	ERAP1_sig2	rs27039	2.820687815399742	0.9996888631596645	rs27039	0.9996888631596645	1
0.30	ERAP1_sig3	rs1065407	2.820687815399742	0.29847592898621844	rs1065407	0.29847592898621844	12
