SNP	CHR	BP	A1	BETA	SE	STAT	P	logABF	ABF	PIP	CUM_PIP
rs1065407	5	96112083	G	-2.915	0.4832559681697613	-6.032	4.032e-09	13.608064961992092	812657.4524091156	0.39367878712901067	0.39367878712901067
rs13167972	5	96096828	G	-2.676	0.4616977225672878	-5.796	1.484e-08	12.714276316088123	332460.49370302516	0.16105512050780885	0.5547339076368195
rs1057569	5	96109610	A	-3.427	0.577714093054619	-5.932	7.058e-09	12.125113488706239	184446.271506622	0.08935201940489908	0.6440859270417186
rs13160562	5	96111371	A	-3.427	0.577714093054619	-5.932	7.058e-09	12.125113488706239	184446.271506622	0.08935201940489908	0.7334379464466178
rs7063	5	96110211	T	-3.427	0.577714093054619	-5.932	7.058e-09	12.125113488706239	184446.271506622	0.08935201940489908	0.8227899658515169
rs754615	5	96086334	C	-2.535	0.4521134296415195	-5.607	4.113e-08	11.930989693653606	151901.82358103985	0.07358638685068426	0.8963763527022012
rs2042380	5	96187266	G	-2.319	0.4451910155500096	-5.209	3.207e-07	10.233495706438138	27819.58940655677	0.013476751100396965	0.9098531038025981
rs2042379	5	96187195	G	-2.319	0.4451910155500096	-5.209	3.207e-07	10.233495706438138	27819.58940655677	0.013476751100396965	0.923329854902995
rs731827	5	96087015	A	-3.09	0.5910482019892884	-5.228	2.911e-07	9.164520322337156	9552.138378006302	0.004627379272772439	0.9279572341757675
rs28580505	5	96101220	G	-3.065	0.5901039661147478	-5.194	3.449e-07	9.04513290394519	8477.178114973129	0.004106632122410078	0.9320638662981775
rs3797814	5	96091926	A	-3.065	0.5901039661147478	-5.194	3.449e-07	9.04513290394519	8477.178114973129	0.004106632122410078	0.9361704984205875
rs17401719	5	96089046	C	-3.065	0.5901039661147478	-5.194	3.449e-07	9.04513290394519	8477.178114973129	0.004106632122410078	0.9402771305429976
rs28432918	5	96101226	A	-3.065	0.5901039661147478	-5.194	3.449e-07	9.04513290394519	8477.178114973129	0.004106632122410078	0.9443837626654076
rs13181579	5	96090938	A	-3.065	0.5901039661147478	-5.194	3.449e-07	9.04513290394519	8477.178114973129	0.004106632122410078	0.9484903947878176
rs7356594	5	96096189	T	-3.065	0.5901039661147478	-5.194	3.449e-07	9.04513290394519	8477.178114973129	0.004106632122410078	0.9525970269102276
