SNP	CHR	BP	A1	BETA	SE	STAT	P	logABF	ABF	PIP	CUM_PIP
rs27039	5	96114550	G	4.272	0.45866437620785916	9.314	1.26e-18	34.21289290347467	721889288816749.1	0.999537671868479	0.999537671868479
