outcome	signal_id	lead_snp	run_id	cond_type	cond_label	beta_base	beta	logp_base	logp	delta_beta_pct	delta_logp_pct
ERAP2	signal1	rs2910686	baseline	baseline	baseline	16.32	16.32	139.02751945012352	139.02751945012352	0.0	0.0
ERAP2	signal1	rs2910686	cond_ERAP1sig123	snp	ERAP1_sig123	16.32	16.48	139.02751945012352	127.03273290844021	0.980392156862746	-8.627634722337453
ERAP2	signal1	rs2910686	cond_rs2910686	snp	ERAP2	16.32		139.02751945012352			
ERAP2	signal1	rs2910686	cond_rs248215	snp	LNPEP	16.32	16.18	139.02751945012352	53.96337110463784	-0.8578431372549055	-61.18511549506763
ERAP2	signal1	rs2910686	condexpr_ERAP1	expr	ERAP1_expr	16.32	16.39	139.02751945012352	134.9023956711256	0.42892156862745273	-2.967127512102257
ERAP2	signal1	rs2910686	condexpr_LNPEP	expr	LNPEP_expr	16.32	16.59	139.02751945012352	140.44309473094455	1.6544117647058798	1.0181978980994997
ERAP1	signal1	rs30379	baseline	baseline	baseline	8.742	8.742	46.63022771140304	46.63022771140304	0.0	0.0
ERAP1	signal1	rs30379	cond_rs2910686	snp	ERAP2	8.742	8.854	46.63022771140304	41.16986061257466	1.2811713566689351	-11.709930160802305
ERAP1	signal1	rs30379	cond_rs248215	snp	LNPEP	8.742	8.756	46.63022771140304	44.17835548245778	0.1601464195836118	-5.258117640171142
ERAP1	signal1	rs30379	condexpr_ERAP2	expr	ERAP2_expr	8.742	8.865	46.63022771140304	42.71987710369769	1.4070006863417905	-8.385870710104001
ERAP1	signal1	rs30379	condexpr_LNPEP	expr	LNPEP_expr	8.742	8.634	46.63022771140304	46.05276239212933	-1.2354152367879265	-1.2383926641912835
LNPEP	signal1	rs248215	baseline	baseline	baseline	-0.6865	-0.6865	6.01972385892216	6.01972385892216	-0.0	0.0
LNPEP	signal1	rs248215	cond_ERAP1sig123	snp	ERAP1_sig123	-0.6865	-0.6752	6.01972385892216	5.412738150307466	-1.6460305899490133	-10.083281606265832
LNPEP	signal1	rs248215	cond_rs2910686	snp	ERAP2	-0.6865	-1.034	6.01972385892216	3.1255181823005334	50.619082301529495	-48.078711656049926
LNPEP	signal1	rs248215	cond_rs248215	snp	LNPEP	-0.6865		6.01972385892216			
LNPEP	signal1	rs248215	condexpr_ERAP2	expr	ERAP2_expr	-0.6865	-1.346	6.01972385892216	7.7942544590573375	96.06700655498908	29.478604695546778
LNPEP	signal1	rs248215	condexpr_ERAP1	expr	ERAP1_expr	-0.6865	-0.6338	6.01972385892216	5.155584959526175	-7.676620538965764	-14.355125245740263
