outcome	signal_id	lead_snp	run_id	cond_type	cond_label	beta_base	beta	logp_base	logp	delta_beta_pct	delta_logp_pct
ERAP1	signal1	rs30379	baseline	baseline	baseline	8.742	8.742	46.63022771140304	46.63022771140304	0.0	0.0
ERAP1	signal1	rs30379	cond_rs34703	snp	CSF2	8.742	8.924	46.63022771140304	46.736837535037786	2.0819034545870347	0.2286281428745372
ERAP1	signal1	rs30379	condexpr_CSF2	expr	CSF2_expr	8.742	8.754	46.63022771140304	46.575445023393286	0.13726835964308715	-0.11748320927962157
CSF2	signal1	rs34703	baseline	baseline	baseline	0.4641	0.4641	7.214456630043407	7.214456630043407	0.0	0.0
CSF2	signal1	rs34703	cond_ERAP1sig123	snp	ERAP1_sig123	0.4641	0.454	7.214456630043407	6.087565366624426	-2.1762551174315874	-15.61990488273545
CSF2	signal1	rs34703	condexpr_ERAP1	expr	ERAP1_expr	0.4641	0.466	7.214456630043407	7.219898808532088	0.40939452704158863	0.07543435032956004
