SNP	CHR	BP	A1	BETA	SE	STAT	P	logABF	ABF	PIP	CUM_PIP
rs27039	5	96114550	G	4.272	0.45866437620785916	9.314	1.26e-18	40.428484032365425	3.612996384476847e+17	0.9996888631596645	0.9996888631596645
