SNP	CHR	BP	A1	BETA	SE	STAT	P	logABF	ABF	PIP	CUM_PIP
rs1065407	5	96112083	G	-2.915	0.4832559681697613	-6.032	4.032e-09	15.895089713829526	8001100.989237457	0.29847592898621844	0.29847592898621844
rs7063	5	96110211	T	-3.427	0.577714093054619	-5.932	7.058e-09	15.279768547315449	4324333.348167566	0.16131647570460292	0.4597924046908214
rs13160562	5	96111371	A	-3.427	0.577714093054619	-5.932	7.058e-09	15.279768547315449	4324333.348167566	0.16131647570460292	0.6211088803954243
rs1057569	5	96109610	A	-3.427	0.577714093054619	-5.932	7.058e-09	15.279768547315449	4324333.348167566	0.16131647570460292	0.7824253561000273
rs13167972	5	96096828	G	-2.676	0.4616977225672878	-5.796	1.484e-08	14.535484635659806	2054379.9556909406	0.07663732361212942	0.8590626797121567
rs754615	5	96086334	C	-2.535	0.4521134296415195	-5.607	4.113e-08	13.48200751252591	716409.7168550055	0.026725203951391524	0.8857878836635482
rs26508	5	96082494	C	4.607	0.8350552836686604	5.517	6.609e-08	12.733062816565777	338765.3001212862	0.012637421749582564	0.8984253054131308
rs27851	5	96082401	C	4.607	0.8350552836686604	5.517	6.609e-08	12.733062816565777	338765.3001212862	0.012637421749582564	0.9110627271627134
rs26345	5	96083338	T	4.607	0.8350552836686604	5.517	6.609e-08	12.733062816565777	338765.3001212862	0.012637421749582564	0.923700148912296
rs27962	5	96089639	G	4.607	0.8350552836686604	5.517	6.609e-08	12.733062816565777	338765.3001212862	0.012637421749582564	0.9363375706618786
rs27944	5	96082631	T	4.607	0.8350552836686604	5.517	6.609e-08	12.733062816565777	338765.3001212862	0.012637421749582564	0.9489749924114612
rs731827	5	96087015	A	-3.09	0.5910482019892884	-5.228	2.911e-07	11.506870530923708	99396.33601246767	0.003707916419134594	0.9526829088305958
